{"gui": 29.91895842552185, "armando": 10.738473653793335, "sashi": 49.62518119812012, "Alberto": 48.66505575180054, "glori": 48.56360077857971, "adi": 57.44605898857117, "jj": 40.875113010406494, "dsa": 46.237428188323975, "fdasfd": 21.1710102558136, "a": 47.824275732040405}